CREATE TABLE Alunos (
    id_aluno INTEGER PRIMARY KEY,
    nome TEXT,
    sobrenome TEXT,
    email TEXT,
    data_nascimento DATE,
    cpf TEXT
);

CREATE TABLE Enderecos (
    id_endereco INTEGER PRIMARY KEY,
    id_aluno INTEGER,
    logradouro TEXT,
    cidade TEXT,
    estado TEXT,
    cep TEXT,
    FOREIGN KEY (id_aluno) REFERENCES Alunos(id_aluno)
);

CREATE TABLE Telefones (
    id_telefone INTEGER PRIMARY KEY AUTOINCREMENT,
    id_aluno INTEGER,
    ddd TEXT,
    numero TEXT,
    FOREIGN KEY (id_aluno) REFERENCES Alunos(id_aluno)
);

INSERT INTO Alunos (id_aluno, nome, sobrenome, email, data_nascimento, cpf) VALUES
(1, 'Beatriz', 'Barbosa', 'beatriz.barbosa1@gmail.com', '2003-01-18', '257.372.517-33'),
(2, 'Rafael', 'Ferreira', 'rafael.ferreira2@gmail.com', '1992-02-08', '594.694.236-11'),
(3, 'Rafael', 'Silva', 'rafael.silva3@gmail.com', '1993-08-22', '897.623.110-87'),
(4, 'Pedro', 'Ribeiro', 'pedro.ribeiro4@gmail.com', '1998-08-27', '952.443.284-20'),
(5, 'André', 'Teixeira', 'andré.teixeira5@outlook.com', '1993-10-04', '715.753.217-64'),
(6, 'Camila', 'Costa', 'camila.costa6@gmail.com', '2007-02-02', '255.690.557-10'),
(7, 'Pedro', 'Mendes', 'pedro.mendes7@gmail.com', '1980-01-21', '201.717.651-40'),
(8, 'Amanda', 'Santos', 'amanda.santos8@gmail.com', '2005-01-06', '926.363.756-79'),
(9, 'José', 'Silva', 'josé.silva9@gmail.com', '2001-06-03', '184.569.833-36'),
(10, 'Lucas', 'Martins', 'lucas.martins10@outlook.com', '1988-07-21', '177.167.177-41'),
(11, 'Rafael', 'Martins', 'rafael.martins11@gmail.com', '2005-09-01', '655.103.896-39'),
(12, 'Fernanda', 'Souza', 'fernanda.souza12@gmail.com', '2001-12-21', '118.897.514-81'),
(13, 'Larissa', 'Rocha', 'larissa.rocha13@gmail.com', '1999-02-11', '727.469.132-35'),
(14, 'José', 'Carvalho', 'josé.carvalho14@gmail.com', '1992-02-26', '846.492.922-48'),
(15, 'Ricardo', 'Mendes', 'ricardo.mendes15@outlook.com', '2004-11-07', '116.173.826-27'),
(16, 'Fernanda', 'Ferreira', 'fernanda.ferreira16@gmail.com', '1989-08-28', '519.495.823-28'),
(17, 'Beatriz', 'Barbosa', 'beatriz.barbosa17@gmail.com', '1998-11-18', '198.528.899-26'),
(18, 'Amanda', 'Ferreira', 'amanda.ferreira18@gmail.com', '2000-06-02', '752.473.559-83'),
(19, 'Paula', 'Souza', 'paula.souza19@gmail.com', '2005-04-27', '430.978.195-83'),
(20, 'Beatriz', 'Mendes', 'beatriz.mendes20@outlook.com', '2007-04-17', '617.866.137-58'),
(21, 'Fernanda', 'Martins', 'fernanda.martins21@gmail.com', '1989-01-10', '456.164.936-66'),
(22, 'Ricardo', 'Alves', 'ricardo.alves22@gmail.com', '1995-09-27', '103.541.926-53'),
(23, 'André', 'Ferreira', 'andré.ferreira23@gmail.com', '1997-08-15', '428.371.302-66'),
(24, 'Gustavo', 'Mendes', 'gustavo.mendes24@gmail.com', '1980-10-11', '366.755.180-99'),
(25, 'Pedro', 'Carvalho', 'pedro.carvalho25@outlook.com', '1998-12-03', '865.213.935-98'),
(26, 'Lucas', 'Vieira', 'lucas.vieira26@gmail.com', '1993-05-14', '811.160.494-32'),
(27, 'Paula', 'Teixeira', 'paula.teixeira27@gmail.com', '2003-09-27', '662.920.977-79'),
(28, 'Rafael', 'Lima', 'rafael.lima28@gmail.com', '2009-12-02', '703.377.516-87'),
(29, 'Camila', 'Pereira', 'camila.pereira29@gmail.com', '1991-09-26', '404.745.955-83'),
(30, 'Gustavo', 'Vieira', 'gustavo.vieira30@outlook.com', '1996-09-14', '699.842.953-58'),
(31, 'Rafael', 'Costa', 'rafael.costa31@gmail.com', '2009-07-08', '348.644.988-28'),
(32, 'Pedro', 'Alves', 'pedro.alves32@gmail.com', '1987-09-21', '942.509.666-69'),
(33, 'Rafael', 'Barbosa', 'rafael.barbosa33@gmail.com', '1990-08-20', '889.213.982-43'),
(34, 'Marcos', 'Rocha', 'marcos.rocha34@gmail.com', '1987-09-26', '562.173.872-10'),
(35, 'Beatriz', 'Costa', 'beatriz.costa35@outlook.com', '1988-12-23', '691.414.287-55'),
(36, 'Ricardo', 'Silva', 'ricardo.silva36@gmail.com', '2000-07-23', '611.607.360-13'),
(37, 'Ana', 'Nascimento', 'ana.nascimento37@gmail.com', '1998-07-14', '985.231.175-35'),
(38, 'Maria', 'Santos', 'maria.santos38@gmail.com', '1999-08-07', '727.171.715-55'),
(39, 'Carlos', 'Rocha', 'carlos.rocha39@gmail.com', '1982-05-20', '256.546.143-89'),
(40, 'Amanda', 'Souza', 'amanda.souza40@outlook.com', '1989-02-09', '412.347.966-65'),
(41, 'André', 'Gomes', 'andré.gomes41@gmail.com', '2001-08-12', '506.379.932-92'),
(42, 'João', 'Ferreira', 'joão.ferreira42@gmail.com', '2001-03-20', '949.371.404-95'),
(43, 'Gustavo', 'Rocha', 'gustavo.rocha43@gmail.com', '1995-06-16', '392.951.924-71'),
(44, 'Paula', 'Alves', 'paula.alves44@gmail.com', '2003-05-12', '395.792.445-38'),
(45, 'Lucas', 'Costa', 'lucas.costa45@outlook.com', '1982-07-27', '571.446.909-93'),
(46, 'José', 'Carvalho', 'josé.carvalho46@gmail.com', '1994-11-21', '801.238.592-39'),
(47, 'Julia', 'Souza', 'julia.souza47@gmail.com', '2002-01-01', '891.862.660-11'),
(48, 'Camila', 'Rodrigues', 'camila.rodrigues48@gmail.com', '1999-10-25', '129.847.359-87'),
(49, 'Bruna', 'Ribeiro', 'bruna.ribeiro49@gmail.com', '1986-10-22', '482.598.202-71'),
(50, 'Larissa', 'Ribeiro', 'larissa.ribeiro50@outlook.com', '1980-05-02', '562.809.117-94'),
(51, 'Beatriz', 'Rocha', 'beatriz.rocha51@gmail.com', '2005-04-10', '210.941.841-79'),
(52, 'Gustavo', 'Lima', 'gustavo.lima52@gmail.com', '2003-07-01', '897.292.435-70'),
(53, 'Maria', 'Pereira', 'maria.pereira53@gmail.com', '2009-11-01', '921.106.193-26'),
(54, 'Lucas', 'Carvalho', 'lucas.carvalho54@gmail.com', '2000-12-23', '727.806.964-68'),
(55, 'Larissa', 'Ribeiro', 'larissa.ribeiro55@outlook.com', '2009-05-14', '874.176.373-23'),
(56, 'Larissa', 'Pereira', 'larissa.pereira56@gmail.com', '1993-10-10', '883.716.899-40'),
(57, 'Paula', 'Martins', 'paula.martins57@gmail.com', '2010-03-05', '966.600.517-38'),
(58, 'Beatriz', 'Carvalho', 'beatriz.carvalho58@gmail.com', '2010-11-03', '610.430.332-56'),
(59, 'Ana', 'Pereira', 'ana.pereira59@gmail.com', '2010-03-02', '617.712.167-10'),
(60, 'Rafael', 'Silva', 'rafael.silva60@outlook.com', '2003-11-08', '180.513.449-57'),
(61, 'Fernanda', 'Mendes', 'fernanda.mendes61@gmail.com', '2009-10-08', '568.838.867-46'),
(62, 'Lucas', 'Mendes', 'lucas.mendes62@gmail.com', '2000-08-05', '901.569.898-97'),
(63, 'João', 'Barbosa', 'joão.barbosa63@gmail.com', '1992-05-20', '485.964.597-12'),
(64, 'João', 'Lima', 'joão.lima64@gmail.com', '1991-09-04', '873.888.280-42'),
(65, 'Gustavo', 'Ferreira', 'gustavo.ferreira65@outlook.com', '1987-04-28', '409.467.456-45'),
(66, 'Fernanda', 'Rodrigues', 'fernanda.rodrigues66@gmail.com', '1994-11-28', '109.340.281-72'),
(67, 'Amanda', 'Carvalho', 'amanda.carvalho67@gmail.com', '1987-06-28', '254.502.666-54'),
(68, 'Marcos', 'Gomes', 'marcos.gomes68@gmail.com', '1984-05-03', '293.143.640-12'),
(69, 'Pedro', 'Ribeiro', 'pedro.ribeiro69@gmail.com', '1995-11-23', '648.811.622-36'),
(70, 'Beatriz', 'Costa', 'beatriz.costa70@outlook.com', '2003-11-22', '413.148.709-65'),
(71, 'Marcos', 'Martins', 'marcos.martins71@gmail.com', '1984-05-25', '196.577.903-95'),
(72, 'Larissa', 'Lima', 'larissa.lima72@gmail.com', '1984-02-20', '346.435.100-37'),
(73, 'Lucas', 'Ribeiro', 'lucas.ribeiro73@gmail.com', '1985-02-24', '764.550.347-20'),
(74, 'Marcos', 'Rocha', 'marcos.rocha74@gmail.com', '1986-08-14', '922.562.189-37'),
(75, 'André', 'Oliveira', 'andré.oliveira75@outlook.com', '1990-06-05', '342.972.197-13'),
(76, 'Bruna', 'Costa', 'bruna.costa76@gmail.com', '1987-02-08', '760.342.849-86'),
(77, 'Beatriz', 'Costa', 'beatriz.costa77@gmail.com', '1981-12-01', '568.764.668-47'),
(78, 'Maria', 'Barbosa', 'maria.barbosa78@gmail.com', '1982-12-24', '259.220.616-86'),
(79, 'Gustavo', 'Ferreira', 'gustavo.ferreira79@gmail.com', '1988-01-14', '876.506.789-56'),
(80, 'Maria', 'Carvalho', 'maria.carvalho80@outlook.com', '1980-12-25', '101.339.470-57'),
(81, 'Camila', 'Gomes', 'camila.gomes81@gmail.com', '1999-11-06', '300.256.491-83'),
(82, 'Bruna', 'Ferreira', 'bruna.ferreira82@gmail.com', '2009-09-20', '897.673.122-23'),
(83, 'Rafael', 'Pereira', 'rafael.pereira83@gmail.com', '2007-01-04', '821.705.295-54'),
(84, 'Gustavo', 'Oliveira', 'gustavo.oliveira84@gmail.com', '1984-01-17', '931.348.890-57'),
(85, 'Larissa', 'Rocha', 'larissa.rocha85@outlook.com', '2003-12-26', '499.790.842-84'),
(86, 'Ricardo', 'Oliveira', 'ricardo.oliveira86@gmail.com', '2004-08-18', '548.499.831-38'),
(87, 'Ricardo', 'Rodrigues', 'ricardo.rodrigues87@gmail.com', '1988-09-10', '926.158.628-85'),
(88, 'Bruna', 'Santos', 'bruna.santos88@gmail.com', '2008-01-17', '505.912.547-34'),
(89, 'José', 'Rodrigues', 'josé.rodrigues89@gmail.com', '1980-08-03', '918.728.363-82'),
(90, 'Rafael', 'Rodrigues', 'rafael.rodrigues90@outlook.com', '1991-09-05', '302.468.669-29'),
(91, 'Ricardo', 'Silva', 'ricardo.silva91@gmail.com', '2009-07-12', '133.220.123-98'),
(92, 'José', 'Carvalho', 'josé.carvalho92@gmail.com', '1996-08-20', '905.296.774-33'),
(93, 'Maria', 'Nascimento', 'maria.nascimento93@gmail.com', '1984-04-03', '593.624.555-27'),
(94, 'André', 'Rodrigues', 'andré.rodrigues94@gmail.com', '2006-10-28', '255.602.990-18'),
(95, 'Ana', 'Ribeiro', 'ana.ribeiro95@outlook.com', '1991-12-20', '907.166.871-92'),
(96, 'Amanda', 'Vieira', 'amanda.vieira96@gmail.com', '2002-11-18', '230.560.488-53'),
(97, 'Lucas', 'Vieira', 'lucas.vieira97@gmail.com', '2009-05-18', '243.144.573-14'),
(98, 'Ricardo', 'Martins', 'ricardo.martins98@gmail.com', '1997-04-11', '409.208.458-78'),
(99, 'Marcos', 'Ribeiro', 'marcos.ribeiro99@gmail.com', '1997-01-13', '838.627.806-25'),
(100, 'Bruna', 'Gomes', 'bruna.gomes100@outlook.com', '1981-05-10', '423.119.488-38'),
(101, 'Bruna', 'Rodrigues', 'bruna.rodrigues101@gmail.com', '1996-07-16', '810.881.326-72'),
(102, 'Beatriz', 'Oliveira', 'beatriz.oliveira102@gmail.com', '1984-11-28', '985.429.855-97'),
(103, 'Amanda', 'Barbosa', 'amanda.barbosa103@gmail.com', '1982-01-28', '827.597.649-23'),
(104, 'Ricardo', 'Carvalho', 'ricardo.carvalho104@gmail.com', '1999-07-01', '308.727.227-48'),
(105, 'Gustavo', 'Pereira', 'gustavo.pereira105@outlook.com', '1992-11-16', '253.175.760-15'),
(106, 'Bruna', 'Silva', 'bruna.silva106@gmail.com', '1998-04-12', '516.178.828-14'),
(107, 'Pedro', 'Teixeira', 'pedro.teixeira107@gmail.com', '1999-10-02', '440.135.380-77'),
(108, 'Rafael', 'Ferreira', 'rafael.ferreira108@gmail.com', '1997-06-21', '839.962.661-23'),
(109, 'Larissa', 'Rodrigues', 'larissa.rodrigues109@gmail.com', '1997-04-26', '966.504.323-21'),
(110, 'Bruna', 'Gomes', 'bruna.gomes110@outlook.com', '2007-09-07', '315.757.652-65'),
(111, 'Rafael', 'Carvalho', 'rafael.carvalho111@gmail.com', '1992-04-28', '985.711.305-36'),
(112, 'Ricardo', 'Silva', 'ricardo.silva112@gmail.com', '2009-04-24', '615.979.803-47'),
(113, 'Maria', 'Teixeira', 'maria.teixeira113@gmail.com', '2002-02-07', '601.286.792-14'),
(114, 'Marcos', 'Carvalho', 'marcos.carvalho114@gmail.com', '1999-08-16', '995.946.956-61'),
(115, 'Camila', 'Ferreira', 'camila.ferreira115@outlook.com', '2003-01-07', '582.963.849-56'),
(116, 'André', 'Rodrigues', 'andré.rodrigues116@gmail.com', '2001-07-07', '219.698.352-65'),
(117, 'Fernanda', 'Pereira', 'fernanda.pereira117@gmail.com', '1997-06-22', '948.210.297-47'),
(118, 'Lucas', 'Souza', 'lucas.souza118@gmail.com', '2009-05-26', '704.719.372-83'),
(119, 'Fernanda', 'Vieira', 'fernanda.vieira119@gmail.com', '1998-10-24', '202.237.576-96'),
(120, 'Amanda', 'Martins', 'amanda.martins120@outlook.com', '1993-09-24', '267.673.471-87'),
(121, 'Larissa', 'Costa', 'larissa.costa121@gmail.com', '1985-01-22', '466.204.439-31'),
(122, 'Amanda', 'Rodrigues', 'amanda.rodrigues122@gmail.com', '1995-01-24', '721.955.462-45'),
(123, 'Carlos', 'Rocha', 'carlos.rocha123@gmail.com', '1989-11-11', '836.677.529-59'),
(124, 'Camila', 'Gomes', 'camila.gomes124@gmail.com', '1994-01-06', '187.458.364-38'),
(125, 'Camila', 'Ferreira', 'camila.ferreira125@outlook.com', '2010-12-27', '647.819.798-60'),
(126, 'Julia', 'Rocha', 'julia.rocha126@gmail.com', '1989-03-13', '540.471.192-19'),
(127, 'Beatriz', 'Mendes', 'beatriz.mendes127@gmail.com', '1982-12-08', '381.766.735-21'),
(128, 'José', 'Oliveira', 'josé.oliveira128@gmail.com', '1996-01-05', '515.516.808-73'),
(129, 'Larissa', 'Nascimento', 'larissa.nascimento129@gmail.com', '1997-10-02', '790.374.434-65'),
(130, 'Rafael', 'Nascimento', 'rafael.nascimento130@outlook.com', '1982-05-03', '456.827.737-55'),
(131, 'Ana', 'Lima', 'ana.lima131@gmail.com', '2003-02-07', '932.171.145-49'),
(132, 'Pedro', 'Teixeira', 'pedro.teixeira132@gmail.com', '1997-11-10', '850.392.703-86'),
(133, 'Beatriz', 'Alves', 'beatriz.alves133@gmail.com', '1990-05-02', '113.237.625-11'),
(134, 'Lucas', 'Rocha', 'lucas.rocha134@gmail.com', '1997-08-02', '302.410.286-17'),
(135, 'Pedro', 'Costa', 'pedro.costa135@outlook.com', '1998-08-06', '362.893.108-75'),
(136, 'João', 'Teixeira', 'joão.teixeira136@gmail.com', '1983-09-11', '897.591.489-21'),
(137, 'Ricardo', 'Costa', 'ricardo.costa137@gmail.com', '1989-09-14', '336.167.730-62'),
(138, 'Julia', 'Silva', 'julia.silva138@gmail.com', '1985-01-03', '644.936.327-57'),
(139, 'Julia', 'Gomes', 'julia.gomes139@gmail.com', '1988-03-23', '242.715.480-15'),
(140, 'Maria', 'Vieira', 'maria.vieira140@outlook.com', '1995-08-03', '550.662.393-99'),
(141, 'Lucas', 'Lima', 'lucas.lima141@gmail.com', '1987-03-20', '523.869.153-97'),
(142, 'Amanda', 'Ferreira', 'amanda.ferreira142@gmail.com', '1997-05-10', '457.308.809-62'),
(143, 'José', 'Rocha', 'josé.rocha143@gmail.com', '2008-02-05', '921.304.258-35'),
(144, 'Lucas', 'Souza', 'lucas.souza144@gmail.com', '1994-06-18', '931.162.189-68'),
(145, 'Beatriz', 'Alves', 'beatriz.alves145@outlook.com', '1989-10-25', '108.790.675-18'),
(146, 'Lucas', 'Nascimento', 'lucas.nascimento146@gmail.com', '1981-06-18', '936.188.292-91'),
(147, 'Julia', 'Rodrigues', 'julia.rodrigues147@gmail.com', '1998-07-13', '703.852.212-89'),
(148, 'Gustavo', 'Lima', 'gustavo.lima148@gmail.com', '1985-06-21', '182.965.181-84'),
(149, 'Beatriz', 'Lima', 'beatriz.lima149@gmail.com', '1981-08-11', '498.255.439-11'),
(150, 'Fernanda', 'Pereira', 'fernanda.pereira150@outlook.com', '1981-06-15', '875.439.260-32'),
(151, 'Gustavo', 'Costa', 'gustavo.costa151@gmail.com', '2000-11-25', '635.886.773-36'),
(152, 'José', 'Martins', 'josé.martins152@gmail.com', '1981-05-04', '713.736.287-61'),
(153, 'José', 'Ferreira', 'josé.ferreira153@gmail.com', '2009-04-18', '585.391.265-49'),
(154, 'Julia', 'Nascimento', 'julia.nascimento154@gmail.com', '2001-08-22', '136.793.116-26'),
(155, 'Beatriz', 'Alves', 'beatriz.alves155@outlook.com', '1994-03-23', '464.663.360-13'),
(156, 'Bruna', 'Rocha', 'bruna.rocha156@gmail.com', '1997-05-16', '131.850.354-56'),
(157, 'Carlos', 'Rocha', 'carlos.rocha157@gmail.com', '1986-04-07', '914.791.981-60'),
(158, 'Maria', 'Oliveira', 'maria.oliveira158@gmail.com', '1988-11-08', '552.686.925-51'),
(159, 'Camila', 'Oliveira', 'camila.oliveira159@gmail.com', '2010-05-02', '467.883.841-92'),
(160, 'Paula', 'Mendes', 'paula.mendes160@outlook.com', '1985-02-05', '791.676.819-83'),
(161, 'Fernanda', 'Nascimento', 'fernanda.nascimento161@gmail.com', '2001-09-25', '322.121.578-70'),
(162, 'Amanda', 'Souza', 'amanda.souza162@gmail.com', '2007-10-19', '863.612.751-60'),
(163, 'Beatriz', 'Ribeiro', 'beatriz.ribeiro163@gmail.com', '1984-05-19', '190.331.526-91'),
(164, 'Pedro', 'Rocha', 'pedro.rocha164@gmail.com', '1995-06-16', '107.927.279-40'),
(165, 'Ana', 'Alves', 'ana.alves165@outlook.com', '1984-04-22', '277.479.563-94'),
(166, 'Gustavo', 'Nascimento', 'gustavo.nascimento166@gmail.com', '1994-04-11', '506.919.970-59'),
(167, 'Maria', 'Rocha', 'maria.rocha167@gmail.com', '2000-10-06', '604.787.815-86'),
(168, 'Lucas', 'Rodrigues', 'lucas.rodrigues168@gmail.com', '2004-07-24', '980.934.964-87'),
(169, 'Rafael', 'Mendes', 'rafael.mendes169@gmail.com', '2000-03-18', '753.502.161-67'),
(170, 'Ricardo', 'Gomes', 'ricardo.gomes170@outlook.com', '1988-04-06', '300.335.742-14'),
(171, 'Gustavo', 'Gomes', 'gustavo.gomes171@gmail.com', '1993-07-22', '252.756.623-92'),
(172, 'Lucas', 'Carvalho', 'lucas.carvalho172@gmail.com', '2000-08-11', '720.957.704-93'),
(173, 'Gustavo', 'Ferreira', 'gustavo.ferreira173@gmail.com', '2008-09-16', '119.147.938-40'),
(174, 'Julia', 'Alves', 'julia.alves174@gmail.com', '1997-08-24', '776.215.204-83'),
(175, 'Maria', 'Martins', 'maria.martins175@outlook.com', '2002-11-10', '680.657.273-21'),
(176, 'Larissa', 'Santos', 'larissa.santos176@gmail.com', '1986-09-08', '456.768.137-17'),
(177, 'Bruna', 'Costa', 'bruna.costa177@gmail.com', '1980-07-06', '814.911.880-98'),
(178, 'Fernanda', 'Pereira', 'fernanda.pereira178@gmail.com', '1995-10-01', '550.215.351-69'),
(179, 'Carlos', 'Souza', 'carlos.souza179@gmail.com', '1992-02-17', '253.359.775-68'),
(180, 'Paula', 'Vieira', 'paula.vieira180@outlook.com', '1986-04-24', '288.283.109-45'),
(181, 'Pedro', 'Teixeira', 'pedro.teixeira181@gmail.com', '2000-06-06', '521.833.831-46'),
(182, 'Carlos', 'Silva', 'carlos.silva182@gmail.com', '2003-12-21', '265.558.703-43'),
(183, 'Ana', 'Mendes', 'ana.mendes183@gmail.com', '2009-12-10', '226.370.883-61'),
(184, 'Bruna', 'Martins', 'bruna.martins184@gmail.com', '2002-05-23', '803.382.716-23'),
(185, 'Fernanda', 'Rocha', 'fernanda.rocha185@outlook.com', '2002-03-12', '417.568.556-63'),
(186, 'Paula', 'Barbosa', 'paula.barbosa186@gmail.com', '1980-09-07', '756.783.267-41'),
(187, 'José', 'Pereira', 'josé.pereira187@gmail.com', '2008-02-16', '139.159.143-27'),
(188, 'Fernanda', 'Teixeira', 'fernanda.teixeira188@gmail.com', '1987-11-15', '724.825.264-32'),
(189, 'Pedro', 'Pereira', 'pedro.pereira189@gmail.com', '1988-01-16', '135.412.502-10'),
(190, 'José', 'Oliveira', 'josé.oliveira190@outlook.com', '1987-07-17', '210.208.793-81'),
(191, 'José', 'Rodrigues', 'josé.rodrigues191@gmail.com', '2000-04-25', '955.455.433-86'),
(192, 'Carlos', 'Rodrigues', 'carlos.rodrigues192@gmail.com', '1980-05-20', '271.918.633-78'),
(193, 'Ana', 'Ferreira', 'ana.ferreira193@gmail.com', '1986-08-28', '114.854.984-67'),
(194, 'Gustavo', 'Oliveira', 'gustavo.oliveira194@gmail.com', '1998-02-02', '814.428.991-72'),
(195, 'João', 'Ferreira', 'joão.ferreira195@outlook.com', '1982-04-17', '403.583.514-85'),
(196, 'Maria', 'Teixeira', 'maria.teixeira196@gmail.com', '1998-12-12', '874.314.310-37'),
(197, 'Beatriz', 'Gomes', 'beatriz.gomes197@gmail.com', '2005-10-11', '251.301.900-45'),
(198, 'Lucas', 'Ferreira', 'lucas.ferreira198@gmail.com', '2005-01-20', '466.236.797-78'),
(199, 'Gustavo', 'Souza', 'gustavo.souza199@gmail.com', '2008-07-12', '141.159.490-47'),
(200, 'João', 'Ferreira', 'joão.ferreira200@outlook.com', '1985-09-23', '949.465.108-79'),
(201, 'Gustavo', 'Lima', 'gustavo.lima201@gmail.com', '1993-06-05', '578.168.656-29'),
(202, 'Bruna', 'Teixeira', 'bruna.teixeira202@gmail.com', '2008-04-09', '157.462.743-58'),
(203, 'Bruna', 'Costa', 'bruna.costa203@gmail.com', '1991-03-21', '993.846.622-97'),
(204, 'Paula', 'Santos', 'paula.santos204@gmail.com', '2002-02-25', '276.881.495-96'),
(205, 'Rafael', 'Rodrigues', 'rafael.rodrigues205@outlook.com', '1986-02-18', '270.272.329-21'),
(206, 'Fernanda', 'Costa', 'fernanda.costa206@gmail.com', '1993-04-03', '301.754.335-32'),
(207, 'Julia', 'Lima', 'julia.lima207@gmail.com', '1986-11-09', '680.956.509-61'),
(208, 'Gustavo', 'Costa', 'gustavo.costa208@gmail.com', '2010-06-18', '764.233.354-80'),
(209, 'Ricardo', 'Gomes', 'ricardo.gomes209@gmail.com', '1990-09-20', '592.418.688-53'),
(210, 'Paula', 'Barbosa', 'paula.barbosa210@outlook.com', '1988-02-12', '625.649.130-67'),
(211, 'Rafael', 'Oliveira', 'rafael.oliveira211@gmail.com', '1988-10-12', '151.177.611-76'),
(212, 'Bruna', 'Martins', 'bruna.martins212@gmail.com', '1980-04-13', '385.403.694-89'),
(213, 'Pedro', 'Barbosa', 'pedro.barbosa213@gmail.com', '1995-03-27', '362.621.242-99'),
(214, 'João', 'Pereira', 'joão.pereira214@gmail.com', '1991-04-06', '379.202.220-46'),
(215, 'Pedro', 'Mendes', 'pedro.mendes215@outlook.com', '1996-06-18', '401.300.127-82'),
(216, 'Camila', 'Nascimento', 'camila.nascimento216@gmail.com', '1989-04-26', '552.769.127-11'),
(217, 'Larissa', 'Silva', 'larissa.silva217@gmail.com', '1990-11-09', '425.608.211-99'),
(218, 'Fernanda', 'Santos', 'fernanda.santos218@gmail.com', '1984-05-16', '809.203.340-16'),
(219, 'Bruna', 'Silva', 'bruna.silva219@gmail.com', '1999-09-01', '402.956.323-51'),
(220, 'Maria', 'Carvalho', 'maria.carvalho220@outlook.com', '1983-05-17', '645.506.357-80'),
(221, 'João', 'Ferreira', 'joão.ferreira221@gmail.com', '2003-04-12', '344.358.869-76'),
(222, 'Carlos', 'Vieira', 'carlos.vieira222@gmail.com', '2005-03-27', '244.707.526-82'),
(223, 'Paula', 'Martins', 'paula.martins223@gmail.com', '2008-12-03', '957.104.781-51'),
(224, 'Beatriz', 'Gomes', 'beatriz.gomes224@gmail.com', '1995-06-14', '598.565.944-67'),
(225, 'Beatriz', 'Nascimento', 'beatriz.nascimento225@outlook.com', '1985-08-05', '903.172.861-39'),
(226, 'Marcos', 'Costa', 'marcos.costa226@gmail.com', '1997-07-04', '862.942.742-51'),
(227, 'Rafael', 'Nascimento', 'rafael.nascimento227@gmail.com', '1988-02-03', '389.391.800-96'),
(228, 'Ana', 'Alves', 'ana.alves228@gmail.com', '2002-06-11', '819.779.747-72'),
(229, 'Paula', 'Pereira', 'paula.pereira229@gmail.com', '1981-10-15', '220.372.863-16'),
(230, 'Ana', 'Martins', 'ana.martins230@outlook.com', '1999-11-27', '312.181.254-72'),
(231, 'Paula', 'Teixeira', 'paula.teixeira231@gmail.com', '1986-09-20', '539.622.203-45'),
(232, 'André', 'Barbosa', 'andré.barbosa232@gmail.com', '1980-06-10', '857.988.514-71'),
(233, 'Larissa', 'Alves', 'larissa.alves233@gmail.com', '2003-08-28', '806.418.621-35'),
(234, 'José', 'Rocha', 'josé.rocha234@gmail.com', '1990-11-21', '895.798.197-51'),
(235, 'Fernanda', 'Vieira', 'fernanda.vieira235@outlook.com', '2009-01-10', '446.380.674-19'),
(236, 'Ricardo', 'Rodrigues', 'ricardo.rodrigues236@gmail.com', '1981-06-09', '463.499.848-59'),
(237, 'André', 'Lima', 'andré.lima237@gmail.com', '2004-02-17', '776.810.619-58'),
(238, 'Maria', 'Mendes', 'maria.mendes238@gmail.com', '1995-01-17', '931.307.473-86'),
(239, 'Lucas', 'Ferreira', 'lucas.ferreira239@gmail.com', '1988-11-10', '364.225.882-19'),
(240, 'André', 'Lima', 'andré.lima240@outlook.com', '1987-07-05', '564.674.223-26'),
(241, 'Larissa', 'Santos', 'larissa.santos241@gmail.com', '1989-01-03', '355.249.211-21'),
(242, 'Pedro', 'Barbosa', 'pedro.barbosa242@gmail.com', '1982-01-15', '925.883.822-70'),
(243, 'Larissa', 'Oliveira', 'larissa.oliveira243@gmail.com', '1992-04-22', '871.207.184-37'),
(244, 'Pedro', 'Lima', 'pedro.lima244@gmail.com', '2009-10-18', '991.374.928-71'),
(245, 'Rafael', 'Alves', 'rafael.alves245@outlook.com', '1992-04-02', '800.650.454-71'),
(246, 'Ana', 'Teixeira', 'ana.teixeira246@gmail.com', '1993-05-19', '909.244.107-75'),
(247, 'Lucas', 'Nascimento', 'lucas.nascimento247@gmail.com', '2007-02-05', '620.933.221-12'),
(248, 'João', 'Vieira', 'joão.vieira248@gmail.com', '2000-05-08', '426.895.852-54'),
(249, 'Carlos', 'Gomes', 'carlos.gomes249@gmail.com', '1985-09-18', '444.731.608-58'),
(250, 'Pedro', 'Oliveira', 'pedro.oliveira250@outlook.com', '2000-09-08', '449.283.160-36'),
(251, 'Paula', 'Costa', 'paula.costa251@gmail.com', '1995-12-07', '991.957.703-98'),
(252, 'Julia', 'Rodrigues', 'julia.rodrigues252@gmail.com', '1990-09-07', '739.360.911-85'),
(253, 'Bruna', 'Mendes', 'bruna.mendes253@gmail.com', '2005-08-25', '936.742.863-95'),
(254, 'João', 'Alves', 'joão.alves254@gmail.com', '1991-11-20', '893.233.351-17'),
(255, 'Larissa', 'Santos', 'larissa.santos255@outlook.com', '2005-06-18', '497.978.847-40'),
(256, 'Carlos', 'Pereira', 'carlos.pereira256@gmail.com', '2004-06-10', '780.721.745-19'),
(257, 'Rafael', 'Teixeira', 'rafael.teixeira257@gmail.com', '1990-05-05', '879.285.696-11'),
(258, 'Bruna', 'Costa', 'bruna.costa258@gmail.com', '1981-03-11', '338.836.897-45'),
(259, 'Carlos', 'Alves', 'carlos.alves259@gmail.com', '1993-08-09', '862.157.786-95'),
(260, 'João', 'Mendes', 'joão.mendes260@outlook.com', '1996-10-19', '517.328.705-37'),
(261, 'Fernanda', 'Santos', 'fernanda.santos261@gmail.com', '1996-06-23', '818.429.518-27'),
(262, 'Ana', 'Teixeira', 'ana.teixeira262@gmail.com', '2006-07-08', '452.769.671-71'),
(263, 'Bruna', 'Rocha', 'bruna.rocha263@gmail.com', '1990-05-13', '237.637.500-79'),
(264, 'Larissa', 'Barbosa', 'larissa.barbosa264@gmail.com', '1989-11-03', '439.865.963-93'),
(265, 'Paula', 'Rocha', 'paula.rocha265@outlook.com', '2004-11-22', '211.161.941-10'),
(266, 'André', 'Mendes', 'andré.mendes266@gmail.com', '1998-10-19', '930.207.715-95'),
(267, 'Pedro', 'Mendes', 'pedro.mendes267@gmail.com', '2006-04-27', '347.521.432-24'),
(268, 'Ricardo', 'Pereira', 'ricardo.pereira268@gmail.com', '1999-10-07', '325.721.754-93'),
(269, 'Ricardo', 'Santos', 'ricardo.santos269@gmail.com', '1982-08-20', '312.124.934-25'),
(270, 'Lucas', 'Teixeira', 'lucas.teixeira270@outlook.com', '1984-08-01', '460.842.534-87'),
(271, 'Camila', 'Pereira', 'camila.pereira271@gmail.com', '1986-12-10', '795.611.595-61'),
(272, 'João', 'Mendes', 'joão.mendes272@gmail.com', '1989-02-21', '263.345.325-50'),
(273, 'Bruna', 'Rodrigues', 'bruna.rodrigues273@gmail.com', '2001-02-16', '141.763.320-20'),
(274, 'Ricardo', 'Mendes', 'ricardo.mendes274@gmail.com', '1995-08-06', '730.634.978-74'),
(275, 'José', 'Lima', 'josé.lima275@outlook.com', '1993-07-20', '266.552.977-57'),
(276, 'José', 'Souza', 'josé.souza276@gmail.com', '1989-12-09', '664.716.507-95'),
(277, 'Julia', 'Santos', 'julia.santos277@gmail.com', '1987-02-16', '716.547.169-65'),
(278, 'Maria', 'Ribeiro', 'maria.ribeiro278@gmail.com', '1982-09-20', '512.692.789-64'),
(279, 'José', 'Ferreira', 'josé.ferreira279@gmail.com', '2008-09-09', '503.944.334-16'),
(280, 'Lucas', 'Nascimento', 'lucas.nascimento280@outlook.com', '2009-02-27', '606.887.214-40'),
(281, 'Amanda', 'Nascimento', 'amanda.nascimento281@gmail.com', '1993-05-10', '859.756.557-74'),
(282, 'Paula', 'Souza', 'paula.souza282@gmail.com', '2002-06-27', '999.386.153-61'),
(283, 'Beatriz', 'Souza', 'beatriz.souza283@gmail.com', '2003-10-22', '620.954.756-61'),
(284, 'Lucas', 'Santos', 'lucas.santos284@gmail.com', '2010-11-05', '789.811.106-85'),
(285, 'Pedro', 'Pereira', 'pedro.pereira285@outlook.com', '1993-08-11', '238.581.428-31'),
(286, 'Amanda', 'Pereira', 'amanda.pereira286@gmail.com', '2010-05-07', '260.901.772-14'),
(287, 'Ana', 'Mendes', 'ana.mendes287@gmail.com', '1995-01-10', '452.714.892-12'),
(288, 'João', 'Barbosa', 'joão.barbosa288@gmail.com', '2006-06-13', '801.254.405-65'),
(289, 'Pedro', 'Vieira', 'pedro.vieira289@gmail.com', '2008-08-02', '692.867.430-48'),
(290, 'Julia', 'Ferreira', 'julia.ferreira290@outlook.com', '2010-02-20', '525.307.329-16'),
(291, 'Amanda', 'Ferreira', 'amanda.ferreira291@gmail.com', '1984-12-13', '458.276.547-80'),
(292, 'José', 'Gomes', 'josé.gomes292@gmail.com', '2000-08-25', '215.772.306-34'),
(293, 'Ricardo', 'Rocha', 'ricardo.rocha293@gmail.com', '2003-05-08', '414.472.957-83'),
(294, 'Larissa', 'Costa', 'larissa.costa294@gmail.com', '1998-12-08', '510.915.822-32'),
(295, 'Ricardo', 'Teixeira', 'ricardo.teixeira295@outlook.com', '2005-01-17', '830.690.572-83'),
(296, 'Beatriz', 'Rodrigues', 'beatriz.rodrigues296@gmail.com', '1998-09-26', '481.174.575-19'),
(297, 'Paula', 'Lima', 'paula.lima297@gmail.com', '1994-12-22', '302.365.682-73'),
(298, 'Amanda', 'Barbosa', 'amanda.barbosa298@gmail.com', '1985-09-12', '255.467.109-41'),
(299, 'Paula', 'Ferreira', 'paula.ferreira299@gmail.com', '1989-10-24', '829.121.203-69'),
(300, 'Fernanda', 'Barbosa', 'fernanda.barbosa300@outlook.com', '2003-02-02', '520.323.411-30');

INSERT INTO Enderecos (id_endereco, id_aluno, logradouro, cidade, estado, cep) VALUES
(1, 1, 'Rua Amazonas', 'Brasília', 'DF', '33205-593'),
(2, 2, 'Rua XV de Novembro', 'Brasília', 'DF', '36673-885'),
(3, 3, 'Rua XV de Novembro', 'Porto Alegre', 'RS', '56127-843'),
(4, 4, 'Rua XV de Novembro', 'São Paulo', 'SP', '88609-663'),
(5, 5, 'Avenida Central', 'Fortaleza', 'CE', '55537-220'),
(6, 6, 'Rua Minas Gerais', 'Curitiba', 'PR', '23385-799'),
(7, 7, 'Rua Augusta', 'Campinas', 'SP', '42542-531'),
(8, 8, 'Rua Augusta', 'Brasília', 'DF', '30314-925'),
(9, 9, 'Avenida Paulista', 'Curitiba', 'PR', '93717-129'),
(10, 10, 'Rua 7 de Setembro', 'Recife', 'PE', '76587-918'),
(11, 11, 'Rua 7 de Setembro', 'Recife', 'PE', '27710-483'),
(12, 12, 'Praça da Matriz', 'Rio de Janeiro', 'RJ', '40763-333'),
(13, 13, 'Avenida Brasil', 'Porto Alegre', 'RS', '87233-985'),
(14, 14, 'Avenida Central', 'Rio de Janeiro', 'RJ', '48736-272'),
(15, 15, 'Avenida Paulista', 'São Paulo', 'SP', '11283-968'),
(16, 16, 'Rua 7 de Setembro', 'Salvador', 'BA', '73905-979'),
(17, 17, 'Rua XV de Novembro', 'Recife', 'PE', '37980-748'),
(18, 18, 'Avenida Brasil', 'Rio de Janeiro', 'RJ', '69469-728'),
(19, 19, 'Rua XV de Novembro', 'Salvador', 'BA', '63822-866'),
(20, 20, 'Rua Minas Gerais', 'Recife', 'PE', '74828-565'),
(21, 21, 'Rua XV de Novembro', 'Belo Horizonte', 'MG', '95610-531'),
(22, 22, 'Rua Augusta', 'Fortaleza', 'CE', '68015-992'),
(23, 23, 'Rua das Flores', 'Campinas', 'SP', '53457-830'),
(24, 24, 'Avenida Paulista', 'Salvador', 'BA', '24891-372'),
(25, 25, 'Avenida Paulista', 'Curitiba', 'PR', '88693-180'),
(26, 26, 'Praça da Matriz', 'São Paulo', 'SP', '98082-614'),
(27, 27, 'Rua das Flores', 'Porto Alegre', 'RS', '75839-255'),
(28, 28, 'Avenida Central', 'Salvador', 'BA', '17380-371'),
(29, 29, 'Rua XV de Novembro', 'Porto Alegre', 'RS', '97042-954'),
(30, 30, 'Rua 7 de Setembro', 'Rio de Janeiro', 'RJ', '95757-115'),
(31, 31, 'Rua Amazonas', 'Rio de Janeiro', 'RJ', '19715-228'),
(32, 32, 'Rua das Flores', 'Fortaleza', 'CE', '84492-447'),
(33, 33, 'Avenida Brasil', 'Rio de Janeiro', 'RJ', '18273-855'),
(34, 34, 'Rua 7 de Setembro', 'Salvador', 'BA', '47623-654'),
(35, 35, 'Avenida Central', 'Belo Horizonte', 'MG', '74657-295'),
(36, 36, 'Rua Minas Gerais', 'Fortaleza', 'CE', '62250-806'),
(37, 37, 'Praça da Matriz', 'Campinas', 'SP', '74746-793'),
(38, 38, 'Rua XV de Novembro', 'São Paulo', 'SP', '13367-850'),
(39, 39, 'Avenida Brasil', 'Salvador', 'BA', '89917-174'),
(40, 40, 'Rua 7 de Setembro', 'São Paulo', 'SP', '72313-393'),
(41, 41, 'Rua XV de Novembro', 'Fortaleza', 'CE', '78305-868'),
(42, 42, 'Rua Minas Gerais', 'Campinas', 'SP', '21325-355'),
(43, 43, 'Praça da Matriz', 'Porto Alegre', 'RS', '50655-416'),
(44, 44, 'Rua Amazonas', 'Rio de Janeiro', 'RJ', '80506-319'),
(45, 45, 'Rua Amazonas', 'Brasília', 'DF', '71016-481'),
(46, 46, 'Praça da Matriz', 'Belo Horizonte', 'MG', '56922-497'),
(47, 47, 'Rua Amazonas', 'Porto Alegre', 'RS', '20755-266'),
(48, 48, 'Rua 7 de Setembro', 'Fortaleza', 'CE', '92079-461'),
(49, 49, 'Avenida Paulista', 'Campinas', 'SP', '77722-961'),
(50, 50, 'Avenida Central', 'Rio de Janeiro', 'RJ', '35143-862'),
(51, 51, 'Rua Minas Gerais', 'Brasília', 'DF', '40710-238'),
(52, 52, 'Rua 7 de Setembro', 'Porto Alegre', 'RS', '94353-252'),
(53, 53, 'Avenida Paulista', 'Belo Horizonte', 'MG', '49735-253'),
(54, 54, 'Rua Amazonas', 'Porto Alegre', 'RS', '54769-957'),
(55, 55, 'Rua Minas Gerais', 'Porto Alegre', 'RS', '76789-281'),
(56, 56, 'Avenida Paulista', 'Porto Alegre', 'RS', '80168-662'),
(57, 57, 'Avenida Paulista', 'Salvador', 'BA', '58305-229'),
(58, 58, 'Rua Amazonas', 'Curitiba', 'PR', '27006-168'),
(59, 59, 'Rua 7 de Setembro', 'Curitiba', 'PR', '56901-196'),
(60, 60, 'Avenida Brasil', 'Rio de Janeiro', 'RJ', '19180-576'),
(61, 61, 'Praça da Matriz', 'Belo Horizonte', 'MG', '26229-730'),
(62, 62, 'Rua XV de Novembro', 'Recife', 'PE', '12036-406'),
(63, 63, 'Avenida Central', 'Curitiba', 'PR', '59300-488'),
(64, 64, 'Avenida Paulista', 'São Paulo', 'SP', '77767-937'),
(65, 65, 'Avenida Central', 'Porto Alegre', 'RS', '48660-275'),
(66, 66, 'Avenida Central', 'Belo Horizonte', 'MG', '35818-136'),
(67, 67, 'Rua 7 de Setembro', 'Campinas', 'SP', '74177-529'),
(68, 68, 'Rua das Flores', 'Recife', 'PE', '97387-641'),
(69, 69, 'Avenida Brasil', 'Fortaleza', 'CE', '94048-662'),
(70, 70, 'Avenida Paulista', 'Recife', 'PE', '56043-854'),
(71, 71, 'Rua XV de Novembro', 'Porto Alegre', 'RS', '86041-876'),
(72, 72, 'Rua Minas Gerais', 'Campinas', 'SP', '95290-744'),
(73, 73, 'Rua Amazonas', 'Curitiba', 'PR', '81981-413'),
(74, 74, 'Rua Augusta', 'Salvador', 'BA', '79106-706'),
(75, 75, 'Rua XV de Novembro', 'Fortaleza', 'CE', '24290-300'),
(76, 76, 'Rua Augusta', 'Brasília', 'DF', '87590-798'),
(77, 77, 'Praça da Matriz', 'Curitiba', 'PR', '12435-899'),
(78, 78, 'Rua Augusta', 'Fortaleza', 'CE', '33799-858'),
(79, 79, 'Avenida Paulista', 'Recife', 'PE', '76942-301'),
(80, 80, 'Rua XV de Novembro', 'Fortaleza', 'CE', '81573-878'),
(81, 81, 'Avenida Brasil', 'Recife', 'PE', '40838-827'),
(82, 82, 'Avenida Paulista', 'Rio de Janeiro', 'RJ', '28451-657'),
(83, 83, 'Avenida Central', 'Recife', 'PE', '34027-443'),
(84, 84, 'Rua das Flores', 'Recife', 'PE', '77486-690'),
(85, 85, 'Rua Amazonas', 'Curitiba', 'PR', '87388-691'),
(86, 86, 'Avenida Paulista', 'Recife', 'PE', '90002-693'),
(87, 87, 'Avenida Brasil', 'Curitiba', 'PR', '25167-846'),
(88, 88, 'Avenida Brasil', 'Belo Horizonte', 'MG', '79531-184'),
(89, 89, 'Rua das Flores', 'Fortaleza', 'CE', '60570-487'),
(90, 90, 'Rua Augusta', 'Brasília', 'DF', '19518-104'),
(91, 91, 'Rua 7 de Setembro', 'Belo Horizonte', 'MG', '95272-917'),
(92, 92, 'Avenida Paulista', 'Fortaleza', 'CE', '68595-472'),
(93, 93, 'Praça da Matriz', 'Belo Horizonte', 'MG', '85800-438'),
(94, 94, 'Rua das Flores', 'Belo Horizonte', 'MG', '37154-885'),
(95, 95, 'Rua 7 de Setembro', 'Belo Horizonte', 'MG', '72332-871'),
(96, 96, 'Praça da Matriz', 'Curitiba', 'PR', '14987-456'),
(97, 97, 'Rua 7 de Setembro', 'Curitiba', 'PR', '31309-218'),
(98, 98, 'Praça da Matriz', 'Campinas', 'SP', '40616-124'),
(99, 99, 'Avenida Paulista', 'Curitiba', 'PR', '59649-606'),
(100, 100, 'Avenida Central', 'São Paulo', 'SP', '60298-296'),
(101, 101, 'Avenida Central', 'São Paulo', 'SP', '18767-769'),
(102, 102, 'Rua das Flores', 'Brasília', 'DF', '42473-492'),
(103, 103, 'Rua Minas Gerais', 'Rio de Janeiro', 'RJ', '11246-303'),
(104, 104, 'Rua Augusta', 'Rio de Janeiro', 'RJ', '24414-428'),
(105, 105, 'Rua Minas Gerais', 'Recife', 'PE', '32440-442'),
(106, 106, 'Rua Amazonas', 'Curitiba', 'PR', '24968-611'),
(107, 107, 'Rua Amazonas', 'Rio de Janeiro', 'RJ', '84070-235'),
(108, 108, 'Rua Augusta', 'Recife', 'PE', '46314-943'),
(109, 109, 'Rua XV de Novembro', 'Porto Alegre', 'RS', '56364-156'),
(110, 110, 'Rua XV de Novembro', 'Rio de Janeiro', 'RJ', '14370-518'),
(111, 111, 'Rua XV de Novembro', 'Recife', 'PE', '41226-686'),
(112, 112, 'Avenida Central', 'Belo Horizonte', 'MG', '76051-504'),
(113, 113, 'Rua Amazonas', 'São Paulo', 'SP', '97757-616'),
(114, 114, 'Rua Augusta', 'Rio de Janeiro', 'RJ', '77916-877'),
(115, 115, 'Rua XV de Novembro', 'Belo Horizonte', 'MG', '78566-340'),
(116, 116, 'Avenida Central', 'Rio de Janeiro', 'RJ', '96267-543'),
(117, 117, 'Avenida Central', 'São Paulo', 'SP', '69480-616'),
(118, 118, 'Avenida Central', 'Campinas', 'SP', '25625-770'),
(119, 119, 'Avenida Paulista', 'Campinas', 'SP', '42133-451'),
(120, 120, 'Rua das Flores', 'Belo Horizonte', 'MG', '96394-509'),
(121, 121, 'Rua Augusta', 'Recife', 'PE', '34946-667'),
(122, 122, 'Rua das Flores', 'Belo Horizonte', 'MG', '91816-403'),
(123, 123, 'Rua Augusta', 'Belo Horizonte', 'MG', '72470-516'),
(124, 124, 'Rua 7 de Setembro', 'Rio de Janeiro', 'RJ', '63718-603'),
(125, 125, 'Rua das Flores', 'Curitiba', 'PR', '39186-701'),
(126, 126, 'Rua das Flores', 'Recife', 'PE', '27276-162'),
(127, 127, 'Avenida Brasil', 'São Paulo', 'SP', '98644-974'),
(128, 128, 'Rua Minas Gerais', 'Belo Horizonte', 'MG', '14673-266'),
(129, 129, 'Avenida Central', 'Porto Alegre', 'RS', '86585-729'),
(130, 130, 'Rua XV de Novembro', 'Brasília', 'DF', '27718-514'),
(131, 131, 'Rua das Flores', 'Curitiba', 'PR', '39536-515'),
(132, 132, 'Avenida Brasil', 'Curitiba', 'PR', '57180-147'),
(133, 133, 'Rua das Flores', 'Campinas', 'SP', '60410-462'),
(134, 134, 'Rua Augusta', 'Recife', 'PE', '62971-486'),
(135, 135, 'Rua Augusta', 'Fortaleza', 'CE', '70225-556'),
(136, 136, 'Rua das Flores', 'Fortaleza', 'CE', '46142-416'),
(137, 137, 'Rua Augusta', 'Porto Alegre', 'RS', '36540-419'),
(138, 138, 'Rua Minas Gerais', 'Campinas', 'SP', '10219-897'),
(139, 139, 'Avenida Central', 'Fortaleza', 'CE', '52840-672'),
(140, 140, 'Rua Minas Gerais', 'Curitiba', 'PR', '93235-275'),
(141, 141, 'Rua 7 de Setembro', 'Fortaleza', 'CE', '24753-651'),
(142, 142, 'Avenida Central', 'Salvador', 'BA', '55783-588'),
(143, 143, 'Rua XV de Novembro', 'São Paulo', 'SP', '63973-636'),
(144, 144, 'Rua Minas Gerais', 'Rio de Janeiro', 'RJ', '36532-131'),
(145, 145, 'Rua Minas Gerais', 'Salvador', 'BA', '28453-821'),
(146, 146, 'Rua 7 de Setembro', 'São Paulo', 'SP', '36381-782'),
(147, 147, 'Rua Amazonas', 'Campinas', 'SP', '53800-391'),
(148, 148, 'Rua XV de Novembro', 'Fortaleza', 'CE', '67039-337'),
(149, 149, 'Rua Minas Gerais', 'Brasília', 'DF', '53437-426'),
(150, 150, 'Avenida Brasil', 'Recife', 'PE', '93809-516'),
(151, 151, 'Avenida Central', 'Rio de Janeiro', 'RJ', '10256-298'),
(152, 152, 'Praça da Matriz', 'Fortaleza', 'CE', '90538-105'),
(153, 153, 'Rua Amazonas', 'Campinas', 'SP', '17812-924'),
(154, 154, 'Rua 7 de Setembro', 'Belo Horizonte', 'MG', '96924-928'),
(155, 155, 'Avenida Paulista', 'Belo Horizonte', 'MG', '10768-783'),
(156, 156, 'Avenida Paulista', 'Fortaleza', 'CE', '42281-236'),
(157, 157, 'Rua Augusta', 'Campinas', 'SP', '79614-245'),
(158, 158, 'Rua 7 de Setembro', 'Recife', 'PE', '28382-616'),
(159, 159, 'Rua Amazonas', 'Brasília', 'DF', '91311-416'),
(160, 160, 'Avenida Paulista', 'São Paulo', 'SP', '47891-389'),
(161, 161, 'Rua 7 de Setembro', 'Belo Horizonte', 'MG', '28316-345'),
(162, 162, 'Rua 7 de Setembro', 'Recife', 'PE', '62213-966'),
(163, 163, 'Rua Augusta', 'Rio de Janeiro', 'RJ', '35416-285'),
(164, 164, 'Rua XV de Novembro', 'Belo Horizonte', 'MG', '59477-244'),
(165, 165, 'Rua XV de Novembro', 'Recife', 'PE', '63095-651'),
(166, 166, 'Rua Minas Gerais', 'Curitiba', 'PR', '54413-440'),
(167, 167, 'Rua Augusta', 'Belo Horizonte', 'MG', '65828-136'),
(168, 168, 'Avenida Paulista', 'Recife', 'PE', '62148-383'),
(169, 169, 'Rua XV de Novembro', 'Fortaleza', 'CE', '53000-321'),
(170, 170, 'Rua XV de Novembro', 'Porto Alegre', 'RS', '22406-267'),
(171, 171, 'Avenida Brasil', 'Porto Alegre', 'RS', '40216-573'),
(172, 172, 'Avenida Paulista', 'Porto Alegre', 'RS', '77079-701'),
(173, 173, 'Avenida Central', 'Brasília', 'DF', '40608-183'),
(174, 174, 'Rua das Flores', 'Rio de Janeiro', 'RJ', '37542-649'),
(175, 175, 'Rua das Flores', 'São Paulo', 'SP', '80023-520'),
(176, 176, 'Rua Minas Gerais', 'Fortaleza', 'CE', '63566-520'),
(177, 177, 'Avenida Paulista', 'Rio de Janeiro', 'RJ', '46034-572'),
(178, 178, 'Rua Minas Gerais', 'Fortaleza', 'CE', '72227-386'),
(179, 179, 'Avenida Central', 'Porto Alegre', 'RS', '22314-239'),
(180, 180, 'Rua Amazonas', 'Belo Horizonte', 'MG', '63305-265'),
(181, 181, 'Rua das Flores', 'Porto Alegre', 'RS', '86175-853'),
(182, 182, 'Avenida Brasil', 'Belo Horizonte', 'MG', '98571-437'),
(183, 183, 'Avenida Brasil', 'Salvador', 'BA', '12945-670'),
(184, 184, 'Rua das Flores', 'Belo Horizonte', 'MG', '65875-422'),
(185, 185, 'Rua Augusta', 'Curitiba', 'PR', '30122-367'),
(186, 186, 'Rua Augusta', 'Belo Horizonte', 'MG', '61098-790'),
(187, 187, 'Rua das Flores', 'Salvador', 'BA', '44351-655'),
(188, 188, 'Praça da Matriz', 'Porto Alegre', 'RS', '36921-682'),
(189, 189, 'Rua Amazonas', 'Belo Horizonte', 'MG', '98103-101'),
(190, 190, 'Praça da Matriz', 'Porto Alegre', 'RS', '58256-326'),
(191, 191, 'Rua Minas Gerais', 'Recife', 'PE', '93223-218'),
(192, 192, 'Rua Augusta', 'Campinas', 'SP', '24536-858'),
(193, 193, 'Rua Minas Gerais', 'Brasília', 'DF', '47904-572'),
(194, 194, 'Rua Augusta', 'Belo Horizonte', 'MG', '53903-386'),
(195, 195, 'Avenida Brasil', 'Recife', 'PE', '62904-257'),
(196, 196, 'Rua das Flores', 'Brasília', 'DF', '71815-648'),
(197, 197, 'Praça da Matriz', 'Rio de Janeiro', 'RJ', '69827-874'),
(198, 198, 'Rua Augusta', 'Fortaleza', 'CE', '30684-108'),
(199, 199, 'Avenida Paulista', 'Curitiba', 'PR', '86755-441'),
(200, 200, 'Rua Amazonas', 'Brasília', 'DF', '17907-535'),
(201, 201, 'Avenida Central', 'Curitiba', 'PR', '17915-132'),
(202, 202, 'Avenida Central', 'Porto Alegre', 'RS', '30973-931'),
(203, 203, 'Rua 7 de Setembro', 'Brasília', 'DF', '67256-318'),
(204, 204, 'Rua Augusta', 'Rio de Janeiro', 'RJ', '38794-249'),
(205, 205, 'Avenida Brasil', 'Salvador', 'BA', '63769-428'),
(206, 206, 'Rua das Flores', 'Fortaleza', 'CE', '96795-759'),
(207, 207, 'Praça da Matriz', 'Fortaleza', 'CE', '79505-693'),
(208, 208, 'Rua Amazonas', 'Salvador', 'BA', '68340-768'),
(209, 209, 'Praça da Matriz', 'Porto Alegre', 'RS', '49876-102'),
(210, 210, 'Rua XV de Novembro', 'Salvador', 'BA', '90301-202'),
(211, 211, 'Rua Amazonas', 'Porto Alegre', 'RS', '18177-114'),
(212, 212, 'Avenida Paulista', 'Brasília', 'DF', '85001-653'),
(213, 213, 'Avenida Central', 'Recife', 'PE', '25194-716'),
(214, 214, 'Avenida Central', 'Curitiba', 'PR', '86426-117'),
(215, 215, 'Avenida Brasil', 'Rio de Janeiro', 'RJ', '97340-879'),
(216, 216, 'Rua Amazonas', 'São Paulo', 'SP', '45638-796'),
(217, 217, 'Rua 7 de Setembro', 'Salvador', 'BA', '57502-215'),
(218, 218, 'Avenida Brasil', 'Brasília', 'DF', '30671-526'),
(219, 219, 'Avenida Paulista', 'Brasília', 'DF', '59243-332'),
(220, 220, 'Praça da Matriz', 'Fortaleza', 'CE', '46834-859'),
(221, 221, 'Rua 7 de Setembro', 'Recife', 'PE', '37650-584'),
(222, 222, 'Rua das Flores', 'Porto Alegre', 'RS', '73235-206'),
(223, 223, 'Avenida Brasil', 'São Paulo', 'SP', '93720-323'),
(224, 224, 'Avenida Brasil', 'Belo Horizonte', 'MG', '55554-155'),
(225, 225, 'Rua Amazonas', 'Rio de Janeiro', 'RJ', '25221-825'),
(226, 226, 'Rua Amazonas', 'Brasília', 'DF', '61276-675'),
(227, 227, 'Rua 7 de Setembro', 'Porto Alegre', 'RS', '25038-188'),
(228, 228, 'Avenida Central', 'Salvador', 'BA', '15402-324'),
(229, 229, 'Avenida Brasil', 'Recife', 'PE', '65333-275'),
(230, 230, 'Praça da Matriz', 'Porto Alegre', 'RS', '54938-130'),
(231, 231, 'Avenida Central', 'São Paulo', 'SP', '47132-364'),
(232, 232, 'Rua das Flores', 'Curitiba', 'PR', '17610-159'),
(233, 233, 'Avenida Paulista', 'São Paulo', 'SP', '17735-390'),
(234, 234, 'Rua das Flores', 'Fortaleza', 'CE', '57220-364'),
(235, 235, 'Avenida Brasil', 'Brasília', 'DF', '56280-210'),
(236, 236, 'Rua 7 de Setembro', 'Salvador', 'BA', '59005-106'),
(237, 237, 'Rua Amazonas', 'Fortaleza', 'CE', '82249-341'),
(238, 238, 'Rua das Flores', 'Brasília', 'DF', '61421-676'),
(239, 239, 'Rua 7 de Setembro', 'Belo Horizonte', 'MG', '83621-297'),
(240, 240, 'Rua Amazonas', 'Salvador', 'BA', '88900-509'),
(241, 241, 'Avenida Brasil', 'Curitiba', 'PR', '52063-906'),
(242, 242, 'Rua XV de Novembro', 'Fortaleza', 'CE', '68453-532'),
(243, 243, 'Avenida Brasil', 'São Paulo', 'SP', '60530-119'),
(244, 244, 'Rua Minas Gerais', 'Curitiba', 'PR', '21948-762'),
(245, 245, 'Rua XV de Novembro', 'Belo Horizonte', 'MG', '67162-531'),
(246, 246, 'Rua Minas Gerais', 'Porto Alegre', 'RS', '91603-877'),
(247, 247, 'Avenida Paulista', 'São Paulo', 'SP', '25037-125'),
(248, 248, 'Rua 7 de Setembro', 'Recife', 'PE', '93480-608'),
(249, 249, 'Rua das Flores', 'Porto Alegre', 'RS', '42889-711'),
(250, 250, 'Avenida Central', 'Fortaleza', 'CE', '24684-303'),
(251, 251, 'Rua XV de Novembro', 'Rio de Janeiro', 'RJ', '84280-400'),
(252, 252, 'Rua das Flores', 'Curitiba', 'PR', '24722-382'),
(253, 253, 'Rua 7 de Setembro', 'Belo Horizonte', 'MG', '75360-488'),
(254, 254, 'Avenida Central', 'Fortaleza', 'CE', '66345-932'),
(255, 255, 'Rua 7 de Setembro', 'Brasília', 'DF', '74975-551'),
(256, 256, 'Rua Augusta', 'Rio de Janeiro', 'RJ', '66678-716'),
(257, 257, 'Rua XV de Novembro', 'Curitiba', 'PR', '82905-177'),
(258, 258, 'Rua XV de Novembro', 'Belo Horizonte', 'MG', '31225-314'),
(259, 259, 'Rua 7 de Setembro', 'Curitiba', 'PR', '13121-139'),
(260, 260, 'Avenida Paulista', 'São Paulo', 'SP', '24745-730'),
(261, 261, 'Avenida Brasil', 'Belo Horizonte', 'MG', '16096-894'),
(262, 262, 'Praça da Matriz', 'São Paulo', 'SP', '83955-139'),
(263, 263, 'Rua das Flores', 'Recife', 'PE', '42850-187'),
(264, 264, 'Rua XV de Novembro', 'Curitiba', 'PR', '55085-682'),
(265, 265, 'Rua 7 de Setembro', 'Porto Alegre', 'RS', '83562-621'),
(266, 266, 'Rua Minas Gerais', 'Brasília', 'DF', '54033-894'),
(267, 267, 'Avenida Brasil', 'Salvador', 'BA', '53601-867'),
(268, 268, 'Avenida Central', 'Salvador', 'BA', '96603-951'),
(269, 269, 'Avenida Brasil', 'Curitiba', 'PR', '88623-467'),
(270, 270, 'Rua das Flores', 'São Paulo', 'SP', '84991-867'),
(271, 271, 'Avenida Brasil', 'Campinas', 'SP', '74520-492'),
(272, 272, 'Rua 7 de Setembro', 'Curitiba', 'PR', '30569-513'),
(273, 273, 'Rua Amazonas', 'Salvador', 'BA', '99237-458'),
(274, 274, 'Rua das Flores', 'Fortaleza', 'CE', '15934-131'),
(275, 275, 'Avenida Brasil', 'Salvador', 'BA', '73662-407'),
(276, 276, 'Avenida Brasil', 'Curitiba', 'PR', '35288-949'),
(277, 277, 'Rua Augusta', 'Belo Horizonte', 'MG', '78906-497'),
(278, 278, 'Rua Amazonas', 'Rio de Janeiro', 'RJ', '73136-498'),
(279, 279, 'Avenida Paulista', 'Recife', 'PE', '45304-894'),
(280, 280, 'Praça da Matriz', 'São Paulo', 'SP', '42896-352'),
(281, 281, 'Rua Amazonas', 'São Paulo', 'SP', '39895-501'),
(282, 282, 'Rua Minas Gerais', 'Salvador', 'BA', '70243-919'),
(283, 283, 'Avenida Brasil', 'Curitiba', 'PR', '86557-870'),
(284, 284, 'Rua 7 de Setembro', 'Brasília', 'DF', '68479-112'),
(285, 285, 'Rua Minas Gerais', 'Rio de Janeiro', 'RJ', '67151-602'),
(286, 286, 'Avenida Paulista', 'Porto Alegre', 'RS', '87285-235'),
(287, 287, 'Praça da Matriz', 'São Paulo', 'SP', '33640-535'),
(288, 288, 'Praça da Matriz', 'Curitiba', 'PR', '73340-414'),
(289, 289, 'Rua das Flores', 'Porto Alegre', 'RS', '75537-419'),
(290, 290, 'Avenida Central', 'Belo Horizonte', 'MG', '37332-393'),
(291, 291, 'Praça da Matriz', 'São Paulo', 'SP', '26610-118'),
(292, 292, 'Avenida Central', 'Fortaleza', 'CE', '13572-994'),
(293, 293, 'Avenida Central', 'Curitiba', 'PR', '63578-385'),
(294, 294, 'Rua XV de Novembro', 'Brasília', 'DF', '74933-140'),
(295, 295, 'Avenida Brasil', 'São Paulo', 'SP', '33402-854'),
(296, 296, 'Rua Minas Gerais', 'Curitiba', 'PR', '47006-615'),
(297, 297, 'Avenida Central', 'Rio de Janeiro', 'RJ', '75292-926'),
(298, 298, 'Rua Minas Gerais', 'Fortaleza', 'CE', '75363-625'),
(299, 299, 'Praça da Matriz', 'Campinas', 'SP', '87801-449'),
(300, 300, 'Avenida Brasil', 'Porto Alegre', 'RS', '99896-707');

INSERT INTO Telefones (id_aluno, ddd, numero) VALUES
(1, '81', '99746-5090'),
(1, '61', '99777-5133'),
(2, '61', '99298-1119'),
(3, '81', '99802-4654'),
(4, '61', '97769-6499'),
(5, '11', '99837-8296'),
(6, '11', '99045-5210'),
(6, '71', '99462-7319'),
(7, '11', '98809-6936'),
(7, '71', '99117-4583'),
(8, '85', '97681-2776'),
(8, '85', '97419-1695'),
(9, '31', '98010-9372'),
(10, '31', '98702-6875'),
(11, '85', '97109-3349'),
(12, '11', '98095-6689'),
(13, '21', '99474-4234'),
(13, '85', '99379-9504'),
(14, '41', '98307-6066'),
(15, '71', '99496-7246'),
(16, '61', '99910-6572'),
(17, '41', '97405-5566'),
(18, '21', '97405-1210'),
(19, '51', '98943-6091'),
(19, '11', '97320-6049'),
(20, '71', '99331-3384'),
(20, '81', '98341-5097'),
(21, '19', '98899-3967'),
(22, '41', '99804-4510'),
(23, '71', '97993-9688'),
(24, '81', '97800-1753'),
(24, '71', '97950-1034'),
(25, '19', '99598-4887'),
(26, '31', '99713-9130'),
(27, '85', '97591-2564'),
(27, '31', '98460-1597'),
(28, '81', '99575-5697'),
(29, '61', '98574-6141'),
(30, '21', '97336-7843'),
(30, '31', '97784-4897'),
(31, '41', '99178-4607'),
(31, '51', '98568-8607'),
(32, '41', '99756-1035'),
(32, '41', '99172-3983'),
(33, '41', '97183-1005'),
(34, '61', '98560-5510'),
(35, '21', '99273-6871'),
(36, '81', '99499-3908'),
(37, '31', '97740-2612'),
(38, '11', '97631-3792'),
(38, '11', '97909-6570'),
(39, '11', '99025-1490'),
(40, '11', '97668-8864'),
(40, '41', '99600-1674'),
(41, '31', '99390-2960'),
(42, '11', '98749-1488'),
(43, '41', '99960-4290'),
(44, '85', '98908-9022'),
(45, '11', '99270-5084'),
(46, '85', '98979-7983'),
(47, '71', '99155-5860'),
(47, '31', '97866-1640'),
(48, '85', '99031-5513'),
(49, '81', '99995-8094'),
(49, '61', '99416-6756'),
(50, '21', '97894-5676'),
(50, '71', '97524-8603'),
(51, '11', '99857-7494'),
(52, '61', '97611-5597'),
(53, '51', '98360-9689'),
(54, '11', '99112-4859'),
(54, '11', '97075-2391'),
(55, '85', '99995-4481'),
(56, '81', '99149-5185'),
(57, '85', '99103-3333'),
(58, '85', '97918-6014'),
(58, '19', '97900-4023'),
(59, '19', '99268-8675'),
(60, '81', '98860-4811'),
(61, '61', '97937-8183'),
(61, '61', '99862-9990'),
(62, '85', '97259-6341'),
(63, '61', '98070-5810'),
(63, '41', '97762-3642'),
(64, '11', '99157-4168'),
(65, '61', '97495-1072'),
(66, '41', '99294-7485'),
(67, '19', '98145-9002'),
(67, '51', '98300-4003'),
(68, '71', '99976-4508'),
(69, '19', '98205-8492'),
(70, '61', '98581-1627'),
(71, '31', '99314-7921'),
(72, '51', '97911-6625'),
(73, '19', '97192-7696'),
(74, '11', '98215-8034'),
(74, '11', '98151-3722'),
(75, '11', '99356-2433'),
(76, '41', '98134-6556'),
(77, '81', '98729-9311'),
(78, '61', '99296-3332'),
(79, '61', '97965-3339'),
(80, '11', '97783-6358'),
(81, '81', '99995-9928'),
(82, '19', '98830-6559'),
(83, '71', '97073-5799'),
(84, '71', '98650-1060'),
(85, '71', '99254-8627'),
(85, '81', '98202-4344'),
(86, '31', '99882-7267'),
(87, '41', '98349-5289'),
(88, '85', '97703-8547'),
(88, '21', '99259-2994'),
(89, '85', '97025-9993'),
(90, '71', '97385-5173'),
(91, '11', '99881-4247'),
(92, '85', '97747-3730'),
(93, '85', '98410-6298'),
(94, '51', '97324-4043'),
(95, '31', '97275-3146'),
(96, '21', '97132-9315'),
(96, '31', '97229-8661'),
(97, '41', '97779-8466'),
(98, '61', '97547-3058'),
(98, '71', '99761-6798'),
(99, '81', '98008-8162'),
(100, '81', '99905-4766'),
(100, '51', '99819-5738'),
(101, '81', '97770-5019'),
(102, '31', '97115-7668'),
(103, '19', '99117-4005'),
(104, '71', '98366-5685'),
(105, '21', '98602-3803'),
(105, '31', '99470-7477'),
(106, '19', '99195-4090'),
(107, '21', '98959-2594'),
(108, '61', '98445-5118'),
(109, '11', '99771-9781'),
(110, '85', '98088-7203'),
(111, '41', '99498-1202'),
(112, '81', '97120-6153'),
(112, '11', '98845-6786'),
(113, '61', '99613-5336'),
(114, '51', '98632-2425'),
(114, '81', '99854-1962'),
(115, '11', '98471-7190'),
(116, '51', '99419-9003'),
(116, '21', '99316-6685'),
(117, '81', '99901-8068'),
(117, '21', '98989-9522'),
(118, '61', '98607-3513'),
(119, '11', '99892-8179'),
(119, '31', '98071-4531'),
(120, '11', '99694-5543'),
(120, '85', '99368-1437'),
(121, '31', '98303-2831'),
(121, '85', '99189-3005'),
(122, '51', '98909-3833'),
(122, '21', '97005-6310'),
(123, '31', '98963-2629'),
(124, '51', '99685-7009'),
(125, '21', '98600-6836'),
(126, '31', '99000-2344'),
(127, '85', '97397-8261'),
(128, '81', '99911-3691'),
(128, '19', '98403-9360'),
(129, '21', '99653-7106'),
(130, '61', '99210-1645'),
(131, '31', '98116-9478'),
(132, '61', '99853-2814'),
(132, '81', '97787-2202'),
(133, '51', '99521-1830'),
(134, '21', '99699-4405'),
(135, '61', '98854-6545'),
(136, '41', '98744-7860'),
(137, '11', '99521-9668'),
(138, '61', '98926-6216'),
(138, '41', '99640-5256'),
(139, '21', '99367-1430'),
(140, '85', '97757-3404'),
(141, '31', '98055-9654'),
(142, '11', '99208-4824'),
(142, '61', '98432-5137'),
(143, '85', '97689-2680'),
(144, '85', '97742-8251'),
(145, '11', '99152-1388'),
(146, '19', '99895-3654'),
(147, '81', '97871-1513'),
(148, '19', '99917-7082'),
(149, '11', '98588-2251'),
(150, '85', '99932-6904'),
(151, '31', '99856-2482'),
(152, '81', '98360-2012'),
(153, '85', '97478-5739'),
(153, '19', '98479-3827'),
(154, '61', '97494-9557'),
(155, '85', '98690-6574'),
(156, '31', '97218-5898'),
(157, '19', '98418-8073'),
(158, '21', '99112-3019'),
(159, '51', '97416-3548'),
(160, '21', '98995-3831'),
(160, '71', '97069-9128'),
(161, '71', '97669-7356'),
(162, '19', '97383-1764'),
(162, '61', '99171-9763'),
(163, '51', '97865-9735'),
(163, '21', '97921-3441'),
(164, '31', '98324-9503'),
(164, '41', '98273-6112'),
(165, '19', '97420-3695'),
(166, '11', '98380-3883'),
(167, '19', '97561-9171'),
(167, '31', '97820-2135'),
(168, '71', '99864-5797'),
(169, '61', '98490-1452'),
(170, '51', '97586-7978'),
(170, '21', '97453-9383'),
(171, '19', '98625-3179'),
(172, '71', '98802-9922'),
(173, '85', '99602-2729'),
(173, '11', '97217-9971'),
(174, '11', '97679-6744'),
(175, '31', '97036-7318'),
(176, '71', '99172-3867'),
(177, '61', '99989-5127'),
(178, '51', '98678-4869'),
(179, '11', '98705-7090'),
(180, '71', '99066-1363'),
(181, '85', '98990-1077'),
(182, '81', '97589-8701'),
(182, '85', '98830-5857'),
(183, '21', '98917-2579'),
(184, '19', '99931-8497'),
(184, '21', '99830-5666'),
(185, '31', '97020-7808'),
(185, '61', '99230-8018'),
(186, '85', '99592-8734'),
(187, '61', '97786-5844'),
(188, '21', '98540-4794'),
(188, '81', '97610-6481'),
(189, '19', '98139-2629'),
(190, '11', '99347-6833'),
(191, '31', '99578-3147'),
(192, '11', '98907-6921'),
(193, '31', '98511-9234'),
(193, '21', '99659-1501'),
(194, '81', '98598-9871'),
(195, '81', '98522-4539'),
(196, '85', '99028-4304'),
(197, '19', '99559-1295'),
(198, '11', '98563-1416'),
(198, '11', '98762-9311'),
(199, '61', '97942-4141'),
(199, '85', '97579-8988'),
(200, '21', '99005-8125'),
(201, '31', '99246-9153'),
(202, '41', '99187-6909'),
(203, '71', '99511-3794'),
(204, '19', '97952-5071'),
(205, '51', '97025-4081'),
(205, '81', '98173-7768'),
(206, '71', '99151-2020'),
(207, '21', '99137-9519'),
(208, '51', '98113-4878'),
(209, '21', '99539-2714'),
(210, '19', '99942-2098'),
(210, '81', '98369-6588'),
(211, '31', '99911-8292'),
(211, '51', '98380-7231'),
(212, '71', '97375-9409'),
(213, '71', '99007-5684'),
(214, '71', '99876-5277'),
(215, '81', '98294-9680'),
(215, '21', '98431-3491'),
(216, '41', '99769-9877'),
(217, '19', '98723-6525'),
(218, '61', '97453-2228'),
(219, '31', '99012-1662'),
(220, '61', '99073-8068'),
(221, '85', '97569-4594'),
(221, '71', '97685-5588'),
(222, '81', '97716-1578'),
(223, '51', '99569-6352'),
(223, '41', '99494-7348'),
(224, '19', '99352-9481'),
(225, '31', '99648-6478'),
(226, '81', '97425-8359'),
(226, '41', '99457-6647'),
(227, '71', '97524-1652'),
(228, '85', '99852-8046'),
(229, '21', '98266-3120'),
(230, '51', '99173-2649'),
(231, '51', '99576-2557'),
(232, '71', '98730-5175'),
(233, '41', '99313-3377'),
(233, '61', '98112-2366'),
(234, '81', '98664-2754'),
(234, '31', '97024-5722'),
(235, '51', '99171-8848'),
(236, '21', '99221-7510'),
(236, '11', '98031-6135'),
(237, '19', '99414-5615'),
(238, '21', '99787-9125'),
(239, '51', '99572-2586'),
(240, '51', '99226-2530'),
(241, '21', '98577-8119'),
(242, '41', '98340-9868'),
(243, '71', '97986-1684'),
(243, '51', '99745-4731'),
(244, '61', '99002-1746'),
(245, '85', '98474-6968'),
(246, '51', '99111-5949'),
(247, '85', '97641-7360'),
(247, '81', '98024-6937'),
(248, '61', '98223-3461'),
(248, '85', '98806-1616'),
(249, '21', '97566-7000'),
(249, '41', '99100-6333'),
(250, '85', '98543-4911'),
(251, '41', '97832-2826'),
(252, '19', '98187-7242'),
(253, '71', '97807-9967'),
(254, '71', '97059-7410'),
(255, '61', '98156-1722'),
(256, '19', '97203-4447'),
(257, '41', '98037-3571'),
(258, '81', '97102-6926'),
(259, '19', '98836-9912'),
(260, '11', '98481-4046'),
(261, '41', '99402-4651'),
(261, '81', '98759-4801'),
(262, '81', '99179-9765'),
(263, '61', '97294-1988'),
(264, '81', '98000-6017'),
(265, '41', '98735-2500'),
(266, '71', '99285-8467'),
(267, '85', '99775-7795'),
(267, '21', '97945-3208'),
(268, '85', '98310-9641'),
(268, '21', '97044-3374'),
(269, '85', '99340-6867'),
(270, '19', '98255-4061'),
(271, '19', '98720-5953'),
(272, '81', '99535-8150'),
(273, '51', '99970-4499'),
(273, '81', '97442-5728'),
(274, '51', '97192-5614'),
(274, '21', '98646-5291'),
(275, '41', '98147-7206'),
(276, '61', '97906-5462'),
(277, '51', '97989-5542'),
(278, '11', '98449-6147'),
(278, '85', '97688-2795'),
(279, '41', '97662-3474'),
(279, '51', '97342-6795'),
(280, '71', '99978-7378'),
(281, '51', '98582-1111'),
(282, '21', '97268-7794'),
(283, '51', '99365-5097'),
(284, '85', '97180-4220'),
(285, '81', '98511-4129'),
(286, '85', '97206-6224'),
(286, '81', '99717-8122'),
(287, '21', '98770-3336'),
(288, '41', '98457-2087'),
(289, '71', '99252-1513'),
(289, '71', '97885-6604'),
(290, '85', '99287-8715'),
(291, '19', '99746-5301'),
(292, '81', '97626-3734'),
(293, '51', '98988-1119'),
(294, '11', '99691-3892'),
(295, '81', '99747-2728'),
(296, '61', '97543-2050'),
(297, '31', '99526-2886'),
(297, '81', '99429-8521'),
(298, '81', '99291-1809'),
(299, '81', '99675-7243'),
(299, '51', '98371-2349'),
(300, '31', '98382-2075');
